Workbook

Sheet How to use
B2: Dataset Quality Checker — QA Test Cases
B3: Manual test plan for the web app. Version 1.0, prepared 11 Oct 2026.
B5: Before you start
B6: 1. Get the test files | C6: Unzip qa_test_data.zip into a folder. Each test case names the file it needs in the 'Test data' column.
B7: 2. Open the app | C7: Use the link Saba gives you. Use Chrome unless the test says otherwise.
B8: 3. Work top to bottom | C8: Do each test in the 'Test Cases' sheet in order. Follow the steps exactly.
B10: How to record results
B11: Actual result | C11: Write what you actually saw. If it matches, 'As expected' is enough.
B12: Status | C12: Pick from the dropdown: Pass, Fail, Blocked (could not run the test), Not run.
B13: Severity | C13: Only for Fail: Critical (crash, wrong result, security), Major (feature broken), Minor (works but confusing), Cosmetic (looks wrong).
B14: Notes / screenshot | C14: Anything useful, e.g. the screenshot file name you saved for a failure.
B15: Cells to fill | C15: Only the light-yellow cells. Do not change the other columns.
B16: Bugs | C16: For every Fail, also add a row in the 'Bug Log' sheet.
B18: Example of a filled-in row
B19: Test ID | C19: TC-012
B20: Actual result | C20: Red message shown: 'File is too large. Maximum size is 10 MB.' Button stayed grey.
B21: Status | C21: Pass
B22: Severity | C22: (leave empty when Pass)
B23: Notes / screenshot | C23: Tested in Chrome 141.
B25: Tester details
B26: Tester name | C26: Independent tester
B27: Date tested | C27: 46307
B28: Device / OS | C28: Windows 10
B29: App URL tested | C29: https://saabz.pythonanywhere.com/dqc/analyze

Sheet Summary
B2: Test run summary
B3: Updates automatically from the 'Test Cases' sheet.
B5: Module | C5: Total | D5: Pass | E5: Fail | F5: Blocked | G5: Not run | H5: Pass rate
B6: A. Access | C6: =COUNTIF('Test Cases'!$B$2:$B$73,B6) -> 2 | D6: =COUNTIFS('Test Cases'!$B$2:$B$73,$B6,'Test Cases'!$H$2:$H$73,"Pass") -> 2 | E6: =COUNTIFS('Test Cases'!$B$2:$B$73,$B6,'Test Cases'!$H$2:$H$73,"Fail") -> 0 | F6: =COUNTIFS('Test Cases'!$B$2:$B$73,$B6,'Test Cases'!$H$2:$H$73,"Blocked") -> 0 | G6: =COUNTIFS('Test Cases'!$B$2:$B$73,$B6,'Test Cases'!$H$2:$H$73,"Not run") -> 0 | H6: =IFERROR(D6/(C6-G6),0) -> 1
B7: B. Upload & preview | C7: =COUNTIF('Test Cases'!$B$2:$B$73,B7) -> 18 | D7: =COUNTIFS('Test Cases'!$B$2:$B$73,$B7,'Test Cases'!$H$2:$H$73,"Pass") -> 18 | E7: =COUNTIFS('Test Cases'!$B$2:$B$73,$B7,'Test Cases'!$H$2:$H$73,"Fail") -> 0 | F7: =COUNTIFS('Test Cases'!$B$2:$B$73,$B7,'Test Cases'!$H$2:$H$73,"Blocked") -> 0 | G7: =COUNTIFS('Test Cases'!$B$2:$B$73,$B7,'Test Cases'!$H$2:$H$73,"Not run") -> 0 | H7: =IFERROR(D7/(C7-G7),0) -> 1
B8: C. Report correctness | C8: =COUNTIF('Test Cases'!$B$2:$B$73,B8) -> 14 | D8: =COUNTIFS('Test Cases'!$B$2:$B$73,$B8,'Test Cases'!$H$2:$H$73,"Pass") -> 14 | E8: =COUNTIFS('Test Cases'!$B$2:$B$73,$B8,'Test Cases'!$H$2:$H$73,"Fail") -> 0 | F8: =COUNTIFS('Test Cases'!$B$2:$B$73,$B8,'Test Cases'!$H$2:$H$73,"Blocked") -> 0 | G8: =COUNTIFS('Test Cases'!$B$2:$B$73,$B8,'Test Cases'!$H$2:$H$73,"Not run") -> 0 | H8: =IFERROR(D8/(C8-G8),0) -> 1
B9: D. Report interaction | C9: =COUNTIF('Test Cases'!$B$2:$B$73,B9) -> 14 | D9: =COUNTIFS('Test Cases'!$B$2:$B$73,$B9,'Test Cases'!$H$2:$H$73,"Pass") -> 14 | E9: =COUNTIFS('Test Cases'!$B$2:$B$73,$B9,'Test Cases'!$H$2:$H$73,"Fail") -> 0 | F9: =COUNTIFS('Test Cases'!$B$2:$B$73,$B9,'Test Cases'!$H$2:$H$73,"Blocked") -> 0 | G9: =COUNTIFS('Test Cases'!$B$2:$B$73,$B9,'Test Cases'!$H$2:$H$73,"Not run") -> 0 | H9: =IFERROR(D9/(C9-G9),0) -> 1
B10: E. Edge-case files | C10: =COUNTIF('Test Cases'!$B$2:$B$73,B10) -> 19 | D10: =COUNTIFS('Test Cases'!$B$2:$B$73,$B10,'Test Cases'!$H$2:$H$73,"Pass") -> 17 | E10: =COUNTIFS('Test Cases'!$B$2:$B$73,$B10,'Test Cases'!$H$2:$H$73,"Fail") -> 2 | F10: =COUNTIFS('Test Cases'!$B$2:$B$73,$B10,'Test Cases'!$H$2:$H$73,"Blocked") -> 0 | G10: =COUNTIFS('Test Cases'!$B$2:$B$73,$B10,'Test Cases'!$H$2:$H$73,"Not run") -> 0 | H10: =IFERROR(D10/(C10-G10),0) -> 0.89473684
B11: F. Layout & browsers | C11: =COUNTIF('Test Cases'!$B$2:$B$73,B11) -> 5 | D11: =COUNTIFS('Test Cases'!$B$2:$B$73,$B11,'Test Cases'!$H$2:$H$73,"Pass") -> 4 | E11: =COUNTIFS('Test Cases'!$B$2:$B$73,$B11,'Test Cases'!$H$2:$H$73,"Fail") -> 1 | F11: =COUNTIFS('Test Cases'!$B$2:$B$73,$B11,'Test Cases'!$H$2:$H$73,"Blocked") -> 0 | G11: =COUNTIFS('Test Cases'!$B$2:$B$73,$B11,'Test Cases'!$H$2:$H$73,"Not run") -> 0 | H11: =IFERROR(D11/(C11-G11),0) -> 0.8
B12: Total | C12: =SUM(C6:C11) -> 72 | D12: =SUM(D6:D11) -> 69 | E12: =SUM(E6:E11) -> 3 | F12: =SUM(F6:F11) -> 0 | G12: =SUM(G6:G11) -> 0 | H12: =IFERROR(D12/(C12-G12),0) -> 0.95833333
B14: Pass rate = Pass ÷ (Total − Not run), i.e. only counts tests that were actually executed.
B16: Open bugs by severity
B17: Critical | C17: =COUNTIFS('Bug Log'!$E$3:$E$199,B17,'Bug Log'!$H$3:$H$199,"<>Fixed",'Bug Log'!$H$3:$H$199,"<>Closed") -> 0
B18: Major | C18: =COUNTIFS('Bug Log'!$E$3:$E$199,B18,'Bug Log'!$H$3:$H$199,"<>Fixed",'Bug Log'!$H$3:$H$199,"<>Closed") -> 3
B19: Minor | C19: =COUNTIFS('Bug Log'!$E$3:$E$199,B19,'Bug Log'!$H$3:$H$199,"<>Fixed",'Bug Log'!$H$3:$H$199,"<>Closed") -> 0
B20: Cosmetic | C20: =COUNTIFS('Bug Log'!$E$3:$E$199,B20,'Bug Log'!$H$3:$H$199,"<>Fixed",'Bug Log'!$H$3:$H$199,"<>Closed") -> 0

Sheet Test Cases
A1: Test ID | B1: Module | C1: Test case | D1: Test data / precondition | E1: Steps | F1: Expected result | G1: Actual result | H1: Status | I1: Severity | J1: Notes / screenshot
A2: TC-001 | B2: A. Access | C2: Home page loads | D2: App running | E2: 1. Open the app URL. | F2: Page loads with header 'Dataset Quality Checker', heading 'Is your dataset ready for machine learning?' and a list of 5 checks. No error messages. | G2: Page loaded with the expected header, heading, five quality-check items, and no visible error messages. | H2: Pass | J2: Tested in Chrome.
A3: TC-002 | B3: A. Access | C3: Initial state of upload form | D3: - | E3: 1. Open home page. 2. Look at the dropdown and the blue button. | F3: 'Run quality check' button is greyed out (disabled). Dropdown shows 'Choose a file first' and cannot be opened. | G3: Upload dropdown showed “Choose a file first” and was disabled. “Run quality check” button was greyed out and disabled. | H3: Pass | J3: Tested in Chrome.
A4: TC-003 | B4: B. Upload & preview | C4: Open file picker by clicking | D4: - | E4: 1. Click the dashed upload box. | F4: File picker opens. By default only .csv files are listed. | G4: The file picker opens, with CSV files selected as the default file filter. | H4: Pass | J4: Tested in Chrome.
A5: TC-004 | B5: B. Upload & preview | C5: Select a valid CSV | D5: 01_sample_messy.csv | E5: 1. Click the upload box. 2. Select the file. | F5: File chip shows '01_sample_messy.csv' and '544 B'. Preview table shows 7 columns and 5 rows. The empty 'duration' cell in row 3 is shaded light red. | G5: Filename: 01_sample_messy.csv File size: 544 B Preview: 7 columns and 5 rows The empty duration cell in row 3 is shaded light red. | H5: Pass | J5: Tested in Chrome.
A6: TC-005 | B6: B. Upload & preview | C6: Label column auto-detected | D6: 01_sample_messy.csv | E6: 1. Select the file. 2. Look at the dropdown. | F6: Dropdown is enabled and 'label' is already selected. | G6: The dropdown is enabled and label is already selected. | H6: Pass | J6: Tested using 01_sample_messy.csv.
A7: TC-006 | B7: B. Upload & preview | C7: Dropdown lists all columns | D7: 01_sample_messy.csv | E7: 1. Select the file. 2. Open the dropdown. | F7: Options: 'None (skip class balance)' followed by the 7 column names in file order. | G7: The dropdown contains None (skip class balance) followed by all seven columns in file order. | H7: Pass | J7: Tested using 01_sample_messy.csv.
A8: TC-007 | B8: B. Upload & preview | C8: Drag and drop a CSV | D8: 01_sample_messy.csv | E8: 1. Drag the file from File Explorer onto the dashed box. 2. Drop it. | F8: Box turns blue while dragging. After dropping, same result as the 'Select a valid CSV' test. | G8: The box turns blue during dragging, and the resulting upload matches TC-004. | H8: Pass | J8: None
A9: TC-008 | B9: B. Upload & preview | C9: Remove selected file | D9: 01_sample_messy.csv | E9: 1. Select the file. 2. Click the × on the file chip. | F9: File chip and preview disappear. Dropdown resets to 'Choose a file first'. Button is disabled again. | G9: The file chip and preview disappear, the dropdown resets to Choose a file first, and the button becomes disabled. | H9: Pass | J9: None
A10: TC-009 | B10: B. Upload & preview | C10: Replace one file with another | D10: 01_sample_messy.csv then 02_clean.csv | E10: 1. Select 01_sample_messy.csv. 2. Select 02_clean.csv. | F10: Preview and dropdown update to the new file's 5 columns (temperature, humidity, pressure, device_type, label). | G10: The new file has five columns in this order: temperature, humidity, pressure, device_type, label. | H10: Pass | J10: Tested using 02_clean.csv
A11: TC-010 | B11: B. Upload & preview | C11: Reject non-CSV file (picker) | D11: 22_not_a_csv.txt | E11: 1. Click upload box. 2. Change the file-type filter to 'All files'. 3. Select the .txt file. | F11: Red message: 'Only .csv files are supported.' Button stays disabled. | G11: Red error message 'Only .csv files are supported''. The Run quality check button stays disabled. | H11: Pass | J11: Tested using 22_not_a_csv.txt
A12: TC-011 | B12: B. Upload & preview | C12: Reject non-CSV file (drag & drop) | D12: 22_not_a_csv.txt | E12: 1. Drag the .txt file onto the box. | F12: Red message: 'Only .csv files are supported.' Button stays disabled. | G12: Red error message 'Only .csv files are supported'. The Run quality check button stays disabled. | H12: Pass | J12: None
A13: TC-012 | B13: B. Upload & preview | C13: Reject file over 10 MB | D13: 24_too_large_11MB.csv | E13: 1. Select the file. | F13: Red message: 'File is too large. Maximum size is 10 MB.' Button stays disabled. | G13: File is too large'. Maximum size is 10 MB. The Run quality check button stays disabled. | H13: Pass | J13: Tested using 24_too_large_11MB
... A49: TC-048 | B49: D. Report interaction | C49: Score ring animation | D49: 01_sample_messy.csv, label = label | E49: 1. Open a report and watch the ring. | F49: Coloured arc grows smoothly to the score within about 1 second. | G49: The coloured score-ring arc animated smoothly and reached the final score within approximately 1 second. | H49: Pass | J49: None
A50: TC-049 | B50: E. Edge-case files | C50: Header row only | D50: 03_header_only.csv | E50: 1. Upload and run. | F50: Stays on home page with red error 'The file has no data rows.' | G50: Uploading 03_header_only.csv displayed the red error “The file has no data rows.” and no report was generated. But The error message “The file has no data rows” remained visible after moving to the next dataset. | H50: Fail | I50: Major
A51: TC-050 | B51: E. Edge-case files | C51: Single data row | D51: 05_one_row.csv, label = label | E51: 1. Upload and run. | F51: Report loads (no crash). Rows 1. Dataset size WARN 'Only 1 row(s)'. Score 85. | G51: Report loaded without crashing; Rows = 1, dataset-size check showed WARN “Only 1 row(s)”, and score = 85. | H51: Pass | J51: Tested using 05_one_row.csv
A52: TC-051 | B52: E. Edge-case files | C52: Single column | D52: 06_single_column.csv, label = None | E52: 1. Upload and run. | F52: Report loads. Columns 1. Duplicate rows FAIL. Score 85. | G52: Report loaded successfully; Columns = 1, Duplicate rows check showed FAIL, and score = 85. | H52: Pass | J52: Tested using 06_single_column.csv
A53: TC-052 | B53: E. Edge-case files | C53: Text-only columns | D53: 07_text_only.csv, label = label | E53: 1. Upload and run. | F53: Report loads. Numeric 0. Outliers and correlations PASS. Score 100. | G53: Report loaded successfully; Numeric = 0, Outliers and Correlations checks showed PASS, and score = 100. | H53: Pass | J53: Tested using 07_text_only.csv
A54: TC-053 | B54: E. Edge-case files | C54: Latin-1 encoding | D54: 08_latin1_encoding.csv, label = None | E54: 1. Upload and run. 2. Open Data preview tab. | F54: Report loads. Names José, Müller, François display correctly (no � symbols). | G54: Report loaded successfully; José, Müller, and François displayed correctly in Data preview without replacement characters. | H54: Pass | J54: Tested using 08_latin1_encoding.csv
A55: TC-054 | B55: E. Edge-case files | C55: Semicolon separated | D55: 09_semicolon_separated.csv, label = None | E55: 1. Upload and run. | F55: Yellow note: 'This file uses semicolon-separated values; it was detected automatically.' Columns 3. Score 97. | G55: Yellow notice confirmed automatic detection of semicolon-separated values; Columns = 3 and score = 97. | H55: Pass | J55: Tested using 09_semicolon_separated.csv
A56: TC-055 | B56: E. Edge-case files | C56: Quoted commas inside values | D56: 10_quoted_commas.csv, label = label | E56: 1. Upload and run. | F56: Columns 3, Rows 3. Addresses not split. Class balance PASS. Score 100. | G56: Report showed 3 columns and 3 rows; addresses containing commas remained intact, Class balance showed PASS, and score = 100. | H56: Pass | J56: Tested using 10_quoted_commas.csv
A57: TC-056 | B57: E. Edge-case files | C57: Very wide file (120 columns) | D57: 11_wide_120_columns.csv, label = None | E57: 1. Upload and run. 2. Check Column profile and Data preview. | F57: Columns 120. Page does not break; wide tables scroll sideways inside their box. Search 'f11' finds f11 and f110–f119. | G57: Report handled all 120 columns without breaking; wide tables scrolled horizontally, and searching f11 found f11 and f110–f119. | H57: Pass | J57: Tested using 11_wide_120_columns.csv
A58: TC-057 | B58: E. Edge-case files | C58: Urdu column names | D58: 12_urdu_unicode_headers.csv, label = label | E58: 1. Upload and run. | F58: Report loads, Urdu names readable. Missing values FAIL (عمر 33.33%). Score 78. | G58: Report loaded successfully; Urdu column names were readable, Missing values showed FAIL with عمر at 33.33% missing, and score = 78. | H58: Pass | J58: Tested using 12_urdu_unicode_headers.csv
A59: TC-058 | B59: E. Edge-case files | C59: Duplicate column names | D59: 13_duplicate_column_names.csv, label = None | E59: 1. Upload and run. | F59: Yellow note: 'Duplicate column names found: a…'. Column profile shows a, a.1, b. | G59: Yellow notice identified duplicate column names; Column profile displayed a, a.1, and b. | H59: Pass | J59: Tested using 13_duplicate_column_names.csv
A60: TC-059 | B60: E. Edge-case files | C60: Fully empty column | D60: 14_all_missing_column.csv, label = label | E60: 1. Upload and run. | F60: Missing values FAIL with empty_col at 100%. What to fix says to consider dropping it. Score 55. | G60: Missing values showed FAIL; empty_col was reported as 100% missing, What to fix recommended considering dropping it, and score = 55. | H60: Pass | J60: Tested using 14_all_missing_column.csv
A61: TC-060 | B61: E. Edge-case files | C61: Many classes (40) | D61: 15_many_classes.csv, label = label | E61: 1. Upload and run. 2. Open Class balance. | F61: Chart and table show 40 classes. Ratio 1.0:1, PASS. Chart still readable. | G61: Report displayed all 40 classes in the chart and table; class balance ratio was 1.0:1, status was PASS, and the chart remained readable. | H61: Pass | J61: Tested using 15_many_classes.csv
A62: TC-061 | B62: E. Edge-case files | C62: Missing values in label | D62: 16_label_with_missing.csv, label = label | E62: 1. Upload and run. 2. Open Class balance. | F62: A class called '(missing)' with 2 rows appears (not 'nan'). Score 70. | G62: Class balance displayed a class named (missing) with 2 rows, not nan; score = 70. | H62: Pass | J62: Tested using 16_label_with_missing.csv
... A66: TC-065 | B66: E. Edge-case files | C66: Blank lines in file | D66: 20_blank_lines.csv, label = None | E66: 1. Upload and run. | F66: Rows 2 (blank lines ignored). | G66: Report loaded successfully and displayed 2 rows; blank lines were ignored. | H66: Pass | J66: Tested using 20_blank_lines.csv
A67: TC-066 | B67: E. Edge-case files | C67: Binary file renamed to .csv | D67: 21_image_renamed.csv | E67: 1. Upload and run. | F67: Red error: 'This looks like a binary file (for example an image or an Excel file renamed to .csv), not a text CSV file.' | G67: Binary file renamed to .csv was rejected with the expected red error message; no report was generated. BUT The error “This looks like a binary file (for example an image or an Excel file renamed to .csv), not a text CSV file.” remained visible after moving to the next dataset. | H67: Fail | I67: Major | J67: Stale binary-file validation error persists after selecting a new dataset.
A68: TC-067 | B68: E. Edge-case files | C68: Large valid file (7 MB) | D68: 23_large_7MB.csv, label = label | E68: 1. Upload and run. 2. Time it from click to report. | F68: Report opens (note the time in Actual result; expect under ~15 s). Rows 230,000 with comma separator. Score 93. | G68: Report opened in 9 seconds; Rows = 230,000, comma separator was used, and score = 93. | H68: Pass | J68: Tested using 23_large_7MB.csv
A69: TC-068 | B69: F. Layout & browsers | C69: Mobile layout: home page | D69: - | E69: 1. Open on a phone, or press F12 → device toolbar → 390 px wide. | F69: Single-column layout. No sideways scrolling of the whole page. Everything readable. | G69: At 390 px viewport width, the home page used a single-column layout, remained readable, and had no sideways scrolling of the whole page. | H69: Pass | J69: None
A70: TC-069 | B70: F. Layout & browsers | C70: Mobile layout: report | D70: 01_sample_messy.csv, label = label | E70: 1. Open a report at 390 px wide. | F70: Score card on top, stats in 2×2 grid. Tables scroll sideways inside their own box. | G70: At 390 px, the score card appeared at the top, statistics used a 2 × 2 grid, and tables scrolled horizontally within their containers. | H70: Pass | J70: None
A71: TC-070 | B71: F. Layout & browsers | C71: Other browsers | D71: 01_sample_messy.csv | E71: 1. In Chrome, Edge, Firefox and Opera repeat: select file, run, filter Failed, download JSON. | F71: Same behaviour in every browser. Write which browsers were tested in Actual result. | G71: Opening the application in Opera, Microsoft Edge, and Firefox displayed “Method Not Allowed.” The application could not be tested in those browsers. | H71: Fail | I71: Major | J71: Reproduced in Opera, Edge, and Firefox.
A72: TC-071 | B72: F. Layout & browsers | C72: Zoom 200% | D72: 01_sample_messy.csv | E72: 1. Press Ctrl and + until zoom is 200%. | F72: Page still usable; no overlapping text or hidden buttons. | G72: At 200% browser zoom, the report remained usable, with no overlapping text or hidden buttons, and the controls worked correctly. | H72: Pass | J72: None
A73: TC-072 | B73: F. Layout & browsers | C73: Refresh report page | D73: 01_sample_messy.csv, label = label | E73: 1. On a report press F5. | F73: Browser asks to resend form data; after confirming, the same report shows. (Expected browser behaviour — note it, not a bug.) | G73: Refreshing the report and confirming form resubmission displayed the same report again, and it remained usable. | H73: Pass | J73: None

Sheet Bug Log
A1: Add one row per failed test. Row 2 is an example — leave it or delete it.
A2: Bug ID | B2: Test ID | C2: Title | D2: Steps to reproduce | E2: Severity | F2: Expected | G2: Actual | H2: Status | I2: Screenshot / notes
A3: B-001 | B3: TC-049 | C3: Previous validation error persists after selecting a new dataset | D3: Upload 03_header_only.csv. Confirm that the error “The file has no data rows” appears. Move to the next dataset, 05_one_row.csv. Observe the error message. | E3: Major | F3: The previous error should clear when a new dataset is selected. The application should validate the new dataset independently. | G3: The previous “The file has no data rows” error remains visible after moving to the next dataset. | H3: Retest | I3: Fixed 12 Oct 2026 (commit 119d52d). Retest pending.
A4: B-002 | B4: TC-066 | C4: Binary-file validation error persists after selecting a new dataset | D4: Upload 21_image_renamed.csv. Confirm that the binary-file validation error appears. Move to the next test case and select a different valid CSV file. Observe the validation message. | E4: Major | F4: The previous binary-file error clears when a new file is selected. The application validates the new file independently. | G4: The previous binary-file error remains visible after selecting the next dataset. | H4: Retest | I4: Fixed 12 Oct 2026 (commit 119d52d). Retest pending.
A5: B-003 | B5: TC-070 | C5: Application displays “Method Not Allowed” in multiple browsers | D5: Open https://saabz.pythonanywhere.com/dqc/ in Opera. Observe the response. Repeat in Microsoft Edge and Firefox. | E5: Major | F5: The application home page loads, allowing the user to upload a CSV and run the quality check. | G5: Opera, Microsoft Edge, and Firefox display “Method Not Allowed,” preventing further testing. | H5: Retest | I5: Fixed 12 Oct 2026 (commit 119d52d). Retest pending.

Sheet Test Data Files
A1: File (in qa_test_data.zip) | B1: What it tests
A2: 01_sample_messy.csv | B2: 15 rows with planted problems: missing values, duplicates, constant column, infinite values, outliers, correlated columns, imbalanced classes.
A3: 02_clean.csv | B3: 200 clean rows - should score 100.
A4: 03_header_only.csv | B4: Column names but no data rows.
A5: 04_empty_0_bytes.csv | B5: Completely empty file (0 bytes).
A6: 05_one_row.csv | B6: Only one data row.
A7: 06_single_column.csv | B7: One numeric column, 50 rows (contains repeated values).
A8: 07_text_only.csv | B8: No numeric columns at all.
A9: 08_latin1_encoding.csv | B9: Accented names saved in Latin-1 (old Excel) encoding.
A10: 09_semicolon_separated.csv | B10: Uses ; instead of , between values (common in European Excel).
A11: 10_quoted_commas.csv | B11: Values that contain commas inside quotes.
A12: 11_wide_120_columns.csv | B12: 120 columns, 100 rows.
... A25: 24_too_large_11MB.csv | B25: ~11 MB - over the 10 MB limit.
